shape_id,shape_pt_lat,shape_pt_lon,shape_pt_sequence,shape_dist_traveled
9070,38.12870167,13.29564833,1,0.0
9070,38.12831833,13.29450167,2,109.09892741967028
9070,38.12827776,13.29432607,3,125.12458910387956
9070,38.12827922,13.2942175,4,134.63330050621977
9070,38.12836321,13.29335913,5,210.37605057390263
9070,38.12835993,13.29311189,6,232.0288178859543
9070,38.12832828,13.2929751,7,244.51450484238336
9070,38.12823333,13.2929,8,256.96251657094376
9070,38.12794667,13.29284,9,289.3022476245327
