shape_id,shape_pt_lat,shape_pt_lon,shape_pt_sequence,shape_dist_traveled
9__1__013__1_-_IT_1,40.0345269585562,-3.61783386984079,1000001,0
9__1__013__1_-_IT_1,40.0345387269612,-3.6177601951994,1000002,0.006420176462
9__1__013__1_-_IT_1,40.0345337380432,-3.61772391145079,1000003,0.015985203044
9__1__013__1_-_IT_1,40.0345261086463,-3.61769687395839,1000004,0.028007578737
9__1__013__1_-_IT_1,40.0345171603552,-3.61767403824246,1000005,0.042216842367
9__1__013__1_-_IT_1,40.0345056129238,-3.61765286455214,1000006,0.058641127306
9__1__013__1_-_IT_1,40.0344920943406,-3.6176367306602,1000007,0.077101665964
9__1__013__1_-_IT_1,40.0344746712151,-3.61762393131335,1000008,0.097783108025
9__1__013__1_-_IT_1,40.0344520614841,-3.61761192909128,1000009,0.121174996381
